time,open,high,low,close
1788909300,29502.5,29502.5,29484.4,29487.3
1788910200,29487.1,29491.4,29473.8,29479.1
1788911100,29478.9,29483.5,29462.8,29474.6
1788912000,29474.8,29533.2,29473.9,29511.5
1788912900,29511.3,29511.6,29489.1,29496.1
1788913800,29496.3,29511.9,29481.9,29509.3
1788914700,29509.2,29535.3,29504.2,29533.2
1788915600,29532.9,29554.6,29529.9,29546.7
1788916500,29546.9,29570.1,29541.8,29561.6
1788917400,29561.7,29581.3,29548.8,29564.8
1788918300,29564.6,29578.7,29553.9,29563.6
1788919200,29564.4,29584.7,29562.5,29566.8
1788920100,29566.6,29575.1,29554.6,29572
1788921000,29571.9,29596.8,29567.5,29592.6
1788921900,29592.8,29595.9,29577.5,29584.2
1788922800,29584,29586.8,29554.8,29563.2
1788923700,29563.1,29573.9,29560.5,29567.4
1788924600,29567.5,29575.9,29558.2,29560.3
1788925500,29560.2,29562.8,29533.4,29536.4
1788926400,29536.1,29560.1,29520,29528.1
1788927300,29528.3,29566.3,29526.3,29551.3
1788928200,29551.6,29578,29544.5,29574.5
1788929100,29574.4,29590.2,29570.2,29585.4
1788930000,29585.1,29589.4,29569,29577.4
1788930900,29576.9,29578.7,29539.5,29551.4
1788931800,29551.9,29563.4,29533.8,29549.7
1788932700,29549.6,29594.4,29545.7,29594.4
1788933600,29594.5,29603.8,29575.9,29603.1
1788934500,29602.6,29607.1,29560.5,29567.9
1788935400,29566.5,29588,29558.7,29583.9
1788936300,29583.6,29584.6,29551.9,29555
1788937200,29555.8,29584.5,29535.4,29545.9
1788938100,29545.6,29586.7,29529.4,29582.4
1788939000,29583.3,29586.5,29561.9,29567
1788939900,29567.4,29568.5,29538.3,29559.9
1788940800,29559.6,29581.9,29547.5,29556.6
1788941700,29557.3,29567.6,29538,29559.8
1788942600,29559,29565.5,29513,29515
1788943500,29515.4,29544.8,29511.6,29539
1788944400,29539.1,29548.8,29505.1,29521.7
1788945300,29521.8,29530.9,29487.6,29502.9
1788946200,29502.3,29513.1,29444.8,29452.9
1788947100,29453,29459.6,29363.3,29373.9
1788948000,29374,29398.8,29344.8,29370.4
1788948900,29368.4,29406,29355.6,29392
1788949800,29392.1,29404.9,29368.5,29370.7
1788950700,29371,29378.6,29341.5,29363.8
1788951600,29366.1,29403.6,29352.7,29379.2
1788952500,29380.1,29404,29349,29390.6
1788953400,29390.8,29391.6,29347.7,29349.4
1788954300,29349.5,29424.8,29349.3,29370.4
1788955200,29372.5,29374.7,29308.3,29309.2
1788956100,29309.5,29340.6,29307.6,29326.3
1788957000,29326.1,29359.1,29314.8,29353.5
1788957900,29353.4,29375.7,29353.4,29361
1788958800,29361.5,29381.3,29353.7,29375.1
1788959700,29375.8,29427.6,29371.2,29427
1788960600,29425.7,29474.5,29391.6,29450.4
1788961500,29450.8,29538.2,29428.9,29532.2
1788962400,29530.7,29565.9,29503.8,29537.3
1788963300,29536.6,29536.6,29435.6,29510.7
1788964200,29510.1,29519.2,29469.7,29512.5
1788965100,29512.3,29517.2,29478.8,29504.2
1788966000,29504.6,29535.7,29364.7,29375.6
1788966900,29375.9,29428.6,29333.8,29366.6
1788967800,29366.8,29455.9,29364.3,29411.7
1788968700,29412.5,29442.2,29399.5,29421.8
1788969600,29421.4,29435.7,29386.8,29392
1788970500,29391.9,29393.7,29364.1,29376.5
1788971400,29374.8,29429.7,29372.3,29429.7
1788972300,29430.4,29452.6,29415.4,29433.4
1788973200,29432.9,29456.5,29420.2,29452.4
1788974100,29452.2,29458.9,29424,29425
1788975000,29425.4,29437.1,29405.3,29430.5
1788975900,29430.4,29456.6,29430.4,29442
1788976800,29443.3,29446.9,29418.8,29418.8
1788977700,29418.3,29437.3,29412,29429.2
1788978600,29429.5,29444.5,29421.4,29440
1788979500,29440.4,29449.5,29422,29422.8
1788980400,29422.3,29430.1,29405.1,29423.2
1788981300,29423.1,29445.3,29423.1,29426.2
1788982200,29426,29431.5,29411.4,29421.6
1788983100,29421.1,29427.3,29394.5,29426.5
1788984000,29426.6,29426.9,29404.2,29418
1788984900,29419,29423.4,29415,29416.1
1788985800,29415.9,29427.3,29413.8,29421.6
1788986700,29422.8,29428.1,29415.7,29428.1
1788987600,29428.4,29428.9,29410.6,29416.2
1788988500,29416.3,29424.7,29415.4,29418.7
1788989400,29418.5,29421.3,29416.5,29419.9
1788990300,29420.1,29421.2,29413.4,29419.5
1788991200,29427.5,29441,29396.4,29397.9
1788992100,29398.9,29405.4,29393.8,29401.2
1788993000,29400.5,29408.2,29398.3,29402.5
1788993900,29402.6,29407.1,29395.7,29401.6
1788994800,29401.8,29402.9,29389.3,29391
1788995700,29390.4,29406.7,29387.4,29400.2
1788996600,29400.3,29403.4,29396,29401.6
1788997500,29402.6,29439.2,29397.3,29432.7
1788998400,29432.2,29450,29413.5,29420.8
1788999300,29420.3,29447.2,29419.7,29442.4
1789000200,29442.8,29445.4,29411.4,29428.4
1789001100,29427.6,29427.8,29379.6,29381.9
1789002000,29382.3,29398.6,29358,29370.6
1789002900,29370,29386.6,29342.5,29347.9
1789003800,29346.3,29376.1,29334.5,29371.6
1789004700,29371.9,29387,29354.6,29379.6
1789005600,29379.9,29383.8,29347.1,29367.4
1789006500,29367.8,29367.8,29342.7,29347.3
1789007400,29348.5,29392.4,29345.9,29383.9
1789008300,29384,29393.2,29375.2,29386.3
1789009200,29386.8,29405.5,29385.2,29388.9
1789010100,29389,29400.1,29357.9,29376.6
1789011000,29376.1,29388.3,29364.7,29383.7
1789011900,29383.9,29402.3,29381.4,29398.4
1789012800,29399.3,29407.2,29391.4,29400.1
1789013700,29400.3,29406.7,29393.2,29402.9
1789014600,29403,29418.7,29400.7,29406
1789015500,29406.5,29432.8,29405.4,29427.1
1789016400,29427.8,29438.1,29417.4,29433.8
1789017300,29433.6,29464.8,29423.6,29458.6
1789018200,29459.3,29469.6,29449.9,29456.2
1789019100,29457.8,29479.4,29433.8,29454.2
1789020000,29453.9,29461.4,29423.3,29425.5
1789020900,29425.8,29443.1,29407.8,29443.1
1789021800,29443.5,29457.5,29438.6,29449.7
1789022700,29449.6,29461,29436.6,29445
1789023600,29445.3,29447.6,29421.9,29440.3
1789024500,29441,29443.4,29403.4,29404.6
1789025400,29404.7,29415.5,29388.2,29415.2
1789026300,29415.3,29426.1,29405.2,29413.9
1789027200,29412.7,29428.8,29400.1,29403.1
1789028100,29403.5,29424.6,29395.7,29418.1
1789029000,29421.1,29426.2,29383.9,29388.4
1789029900,29389.2,29397.5,29374.8,29384.3
1789030800,29384,29401.2,29375.4,29387.4
1789031700,29387.3,29391.1,29365.7,29369.1
1789032600,29368.9,29368.9,29331.7,29363.3
1789033500,29363.4,29391.6,29360.8,29379.2
1789034400,29373.6,29389.4,29358.5,29367.7
1789035300,29367.5,29380.7,29357.3,29362.6
1789036200,29362.4,29374.6,29336,29361.3
1789037100,29361.2,29394.6,29336,29347.1
1789038000,29346.9,29347.8,29296,29315.1
1789038900,29314.8,29320.8,29303.3,29308
1789039800,29307.8,29335.4,29307.8,29317
1789040700,29318.3,29322.4,29234.5,29236.2
1789041600,29236.3,29250.8,29204.7,29229.1
1789042500,29229.2,29234.2,29182.1,29204.3
1789043400,29202,29220.7,29052.8,29074
1789044300,29074.5,29077.8,29012.6,29029.3
1789045200,29030.3,29068.6,29026.4,29040
1789046100,29040.4,29060.5,29015.7,29060.1
1789047000,29060.5,29168.8,29028.5,29108.4
1789047900,29109,29171.8,29060.5,29070.4
1789048800,29070,29147.5,29067.9,29111.1
1789049700,29111.2,29231.2,29082.2,29177.3
1789050600,29176.5,29244.7,29176.1,29208.1
1789051500,29207.3,29236.6,29179.6,29234.4
1789052400,29235.1,29235.7,29185.8,29218.6
1789053300,29218.2,29229.8,29171.7,29209.1
1789054200,29209.5,29245.7,29190.6,29224.7
1789055100,29225.2,29229.5,29160.9,29179.7
1789056000,29179.8,29205.8,29139.7,29155
1789056900,29155.2,29175.5,29138.4,29152.7
1789057800,29152.5,29189.2,29109.7,29181.8
1789058700,29181,29217.7,29180.2,29207.1
1789059600,29207.6,29240.1,29188,29201.8
1789060500,29201.5,29208.7,29176,29183.6
1789061400,29185,29191.6,29152.9,29177.8
1789062300,29177.9,29180.1,29158.4,29162.1
1789063200,29161.9,29175,29124.2,29136.2
1789064100,29135.8,29155.4,29125.3,29132.9
1789065000,29131.9,29150.8,29121.3,29147.6
1789065900,29147.2,29173,29125.2,29148.5
1789066800,29148.3,29148.9,29115.1,29132.5
1789067700,29131.4,29139,29111.9,29131.1
1789068600,29130,29140.7,29117.3,29130.7
1789069500,29131.5,29138.4,29095.1,29111.7
1789070400,29110.4,29129.3,29096.8,29123.6
1789071300,29123.9,29127.6,29113.5,29117.1
1789072200,29118.1,29125.1,29114.6,29122.9
1789073100,29123.7,29126.4,29097.3,29111.2
1789074000,29109.7,29140.8,29109.3,29138.7
1789074900,29138.5,29138.5,29125.7,29127.2
1789075800,29129.7,29131.7,29104.9,29107.5
1789076700,29107.6,29125.7,29107.5,29123.8
1789077600,29123.3,29134.7,29114.7,29121.4
1789078500,29121.3,29135.6,29096.7,29096.7
1789079400,29097.1,29103,29082.1,29086
1789080300,29085.8,29095.4,29077.2,29084.6
1789081200,29084.5,29094.8,29080.5,29089.9
1789082100,29090,29091.7,29075.3,29079.1
1789083000,29079.2,29090.3,29075.7,29085.2
1789083900,29084.8,29086.5,29039.1,29043.3
1789084800,29043.8,29104,29042,29087.6
1789085700,29088,29122,29074.8,29115
1789086600,29116.1,29144.2,29096.6,29101.5
1789087500,29101.4,29140.3,29100.4,29137.1
1789088400,29137.5,29147,29124.3,29127.9
1789089300,29128,29129.8,29102,29104.9
1789090200,29104.5,29116.1,29086.4,29099.5
1789091100,29099.6,29109.4,29082.3,29108.8
1789092000,29109.3,29117.8,29098.7,29111.5
1789092900,29111.6,29111.7,29076.7,29086.9
1789093800,29086.2,29089.4,29059,29064.5
1789094700,29064.4,29090.6,29062.8,29072.4
1789095600,29071.9,29076.3,29038,29055.5
1789096500,29055.4,29063.3,29041.2,29051.9
1789097400,29052,29069.1,29024.8,29065.9
1789098300,29066.3,29068.8,29028.1,29037.8
1789099200,29037.3,29073.9,29019,29072.3
1789100100,29072.5,29103.3,29056,29100.7
1789101000,29100.8,29117.3,29094.6,29114
1789101900,29115.5,29127.6,29100.5,29100.9
1789102800,29101.2,29140.1,29096,29138.7
1789103700,29138.9,29143,29112.3,29115.1
1789104600,29115.2,29173.8,29115.2,29168.8
1789105500,29168.4,29223.7,29155.4,29212.7
1789106400,29212.3,29227.2,29193.6,29221.9
1789107300,29222,29232.3,29200.7,29204.8
1789108200,29204.3,29220.8,29194.5,29206.8
1789109100,29206.9,29240.8,29206.9,29233.6
1789110000,29234.4,29245.8,29227.8,29236.1
1789110900,29236.2,29242,29214.1,29214.1
1789111800,29214.2,29226.1,29207.5,29216.1
1789112700,29215.4,29226.8,29206.7,29221.6
1789113600,29221.7,29252.8,29206.2,29226
1789114500,29225.9,29294.6,29219.9,29252.2
1789115400,29253.5,29291.9,29252.1,29271.1
1789116300,29270.9,29301.7,29266.5,29301.4
1789117200,29302.7,29313.6,29273.1,29275.1
1789118100,29274.7,29294.8,29269.2,29282.2
1789119000,29282.1,29295,29281.1,29285.8
1789119900,29285.7,29305.4,29282.5,29297.9
1789120800,29298.1,29318.7,29267.1,29303.8
1789121700,29303.6,29310.6,29288,29295.1
1789122600,29295.3,29306.5,29289.2,29294.8
1789123500,29295.2,29296.5,29284.2,29288.8
1789124400,29289,29297.1,29268.4,29275.9
1789125300,29276.1,29304.1,29269.9,29291.5
1789126200,29292.2,29312.4,29275.4,29308.8
1789127100,29308.9,29319.4,29299.9,29305.4
1789128000,29305.8,29317.3,29283.7,29302.5
1789128900,29302.1,29376.4,29297,29366.2
1789129800,29366.1,29372.9,29187.6,29337.2
1789130700,29337.5,29456.4,29323.5,29450.6
1789131600,29450.1,29478.2,29414.8,29423.4
1789132500,29423.1,29433,29395.8,29399.2
1789133400,29398.2,29419.5,29328.4,29411.9
1789134300,29411.6,29451.6,29364.2,29451.6
1789135200,29451.5,29451.5,29346.9,29375
1789136100,29375.4,29443.3,29352.5,29427.9
1789137000,29428.1,29432,29331,29349.3
1789137900,29349.5,29377.3,29310.6,29347.7
1789138800,29347.2,29408.5,29338.7,29371.5
1789139700,29371.2,29470.7,29371.2,29461.8
1789140600,29460.4,29475.4,29439,29455.9
1789141500,29455.4,29455.9,29419.5,29427.1
1789142400,29428.5,29463.2,29423.5,29426.7
1789143300,29426.8,29430.6,29377.7,29381.2
1789144200,29382,29420.5,29371.2,29409.8
1789145100,29409.5,29416.2,29391.7,29413.6
1789146000,29415.4,29442.3,29414.4,29417.7
1789146900,29417.6,29459,29417.6,29442.8
1789147800,29442.7,29457,29437.1,29442.6
1789148700,29442.8,29447.8,29430.5,29432.9
1789149600,29433.6,29441.8,29418.7,29422.7
1789150500,29423,29427.3,29400.4,29422
1789151400,29421.2,29438.8,29412.5,29419.4
1789152300,29419.8,29425.4,29406,29410.5
1789153200,29410.3,29414.9,29385.7,29397
1789154100,29396.7,29406.5,29392.5,29395.4
1789155000,29394.3,29405.4,29390.7,29402.7
1789155900,29402.5,29408.4,29359.4,29365
1789156800,29365.6,29372.1,29355.7,29359.7
1789157700,29360.9,29367,29354.8,29362
1789158600,29362.1,29375.1,29360.3,29368.8
1789159500,29367.8,29377,29359.4,29368.5
1789336800,29064.6,29090.7,28963,29003.6
1789337700,29003.4,29063.9,28995.7,29062.7
1789338600,29062.8,29084.7,29053.6,29054.1
1789339500,29054,29067.3,29045,29050.9
1789340400,29050.7,29057.1,29037,29041.8
1789341300,29041.9,29079,29040.1,29075
1789342200,29075.3,29082.3,29013.4,29021.4
1789343100,29019.1,29019.1,28989.5,28998.8
1789344000,28998.3,29055.1,28994.8,29037.3
1789344900,29036.6,29043,28985.6,28994.8
1789345800,28994.9,29019,28991.5,29014.7
1789346700,29014.3,29026,28995.7,28997.6
1789347600,28997.4,29019.2,28982.9,28994.1
1789348500,28994,29002.5,28978.3,28998.2
1789349400,28998.6,29018.8,28985.2,29008.4
1789350300,29008.2,29054,29007.8,29048
1789351200,29048.1,29059.7,29033.8,29053.3
1789352100,29053.2,29055,29039,29047.6
1789353000,29047.5,29055.2,29021.1,29030.3
1789353900,29030.4,29051.4,29028.6,29034.5
1789354800,29034.4,29038.2,29007.1,29008.8
1789355700,29008.9,29019.3,28988.6,29007.4
1789356600,29007.7,29008,28989.7,28996.3
1789357500,28996.8,29006.3,28992,28998.4
1789358400,28998.6,29016.5,28991.4,28993.6
1789359300,28993.5,29004.7,28984.9,28999.3
1789360200,28999,29005.4,28983.1,28991.2
1789361100,28991.1,29014.2,28990.8,28997.5
1789362000,28997.7,29006.4,28990.7,28999.1
1789362900,28999.5,29001.2,28980.2,28993
1789363800,28993.1,29001.5,28967.5,28978.4
1789364700,28978.2,28995.5,28969.6,28995.5
1789365600,28995.6,29016.9,28990,29008.7
1789366500,29008.8,29016.6,28993.6,29013.5
1789367400,29013.7,29015.5,28978.2,28991.5
1789368300,28991.4,28998.5,28954.9,28958.8
1789369200,28958.5,28964.3,28917.1,28956.1
1789370100,28956.3,28967.2,28929,28929
1789371000,28930.7,28941.1,28908,28913.9
1789371900,28913.7,28920.7,28885.1,28897.6
1789372800,28898,28923.7,28888.6,28915.3
1789373700,28915.1,28917.3,28853.8,28854.9
1789374600,28853.8,28897.1,28852.9,28878
1789375500,28877.9,28884.3,28830.3,28857.9
1789376400,28858.4,28871.1,28817.1,28827.6
1789377300,28827.5,28838.5,28796.2,28832.8
1789378200,28831.3,28848.9,28823.9,28830.7
1789379100,28830.5,28844.8,28818.4,28837.3
1789380000,28837.4,28863.2,28835.1,28856
1789380900,28856.2,28891.5,28840.6,28889.2
1789381800,28888.7,28919.8,28882.6,28914.2
1789382700,28914.1,28921.7,28895,28904.8
1789383600,28905.5,28927.8,28895.2,28915.7
1789384500,28915.6,28956.4,28915.3,28952.5
1789385400,28952.8,28954,28914.1,28927.3
1789386300,28926.9,28940.5,28902.8,28909.9
1789387200,28909.7,28910.1,28871.6,28892.1
1789388100,28892.4,28927.6,28886.1,28899
1789389000,28899.3,28913.5,28833.3,28882.9
1789389900,28882.8,28886.2,28838.9,28859.3
1789390800,28859.8,28860.2,28807.9,28855.9
1789391700,28855.8,28904.5,28855.8,28884.1
1789392600,28885.5,28933.6,28860.8,28931.7
1789393500,28931.6,29024.8,28931.5,28986
1789394400,28986.5,29069.2,28983.4,29056.9
1789395300,29057.9,29065,28966.6,28994.9
1789396200,28993.5,29006.7,28941.7,28978.2
1789397100,28977.5,29005,28954.2,28996.6
1789398000,28997.7,29064.7,28972.6,29006.8
1789398900,29007.1,29072.7,29002.3,29061.3
1789399800,29062.1,29191.4,29056.6,29183.5
1789400700,29183.9,29187.1,29145.2,29156.8
1789401600,29155.6,29159.1,29115.3,29142.8
1789402500,29143.2,29209.9,29143.2,29174.3
1789403400,29173,29201.2,29166.4,29201.2
1789404300,29200.3,29258,29187.1,29239.2
1789405200,29240.5,29255.9,29222.9,29236.7
1789406100,29236.9,29260.9,29219.7,29260.6
1789407000,29259.3,29265.7,29248.2,29260
1789407900,29259.8,29284.8,29259.6,29262.2
1789408800,29263.6,29283.4,29251,29266.5
1789409700,29266.3,29273.8,29238.4,29244.3
1789410600,29242.9,29262.6,29240.2,29250.2
1789411500,29250.1,29256,29234.7,29237.5
1789412400,29237.9,29240.9,29209.6,29215.6
1789413300,29215.2,29215.3,29197.1,29203.8
1789414200,29205.1,29212.3,29190.8,29196.6
1789415100,29196.1,29205.5,29125.6,29129
1789416000,29128.1,29143.6,29126.3,29139.7
1789416900,29140.7,29157.7,29126.1,29154
1789417800,29153.8,29162.3,29148.1,29156.1
1789418700,29156,29174.6,29154.9,29168
1789419600,29165.4,29165.4,29155.2,29155.2
1789420500,29156.1,29162.7,29146.9,29148.5
1789421400,29148.7,29149.6,29144.9,29146.7
1789422300,29147.6,29158,29147.5,29158
1789423200,29158.5,29169.4,29140.3,29145.6
1789424100,29145.5,29149.8,29131.5,29140.8
1789425000,29141.3,29148,29139.1,29140.6
1789425900,29140.5,29155.6,29140.3,29142.7
1789426800,29142.8,29149.2,29136.1,29144.6
1789427700,29144.4,29146.6,29132.8,29135.5
1789428600,29135.6,29146.2,29135,29139.3
1789429500,29139.5,29143.9,29127.2,29142.2
1789430400,29143.2,29152.8,29110.8,29142
1789431300,29142.1,29151.1,29116.2,29135.4
1789432200,29135.5,29172.5,29135.3,29166.9
1789433100,29166.8,29174.1,29146.7,29152.7
1789434000,29152.5,29175.8,29144.8,29168.8
1789434900,29168.7,29177.1,29155.1,29157.8
1789435800,29157.6,29161.4,29113.4,29124.3
1789436700,29124.2,29152.4,29116.1,29144.3
1789437600,29144.8,29155.5,29136.9,29145.6
1789438500,29145.9,29151.9,29136.7,29144.8
1789439400,29144.9,29153.4,29133.8,29139.9
1789440300,29140.1,29149.6,29138.2,29144.4
1789441200,29144.2,29151.2,29127.1,29134.2
1789442100,29134.1,29137.5,29124.2,29130.5
1789443000,29129.7,29136.6,29123.4,29132.1
1789443900,29133.2,29137.8,29096.7,29098.4
1789444800,29098.1,29115.5,29092.1,29097.1
1789445700,29097,29102.6,29061.8,29069.3
1789446600,29069.5,29076.5,29047.5,29072.7
1789447500,29072.6,29084.7,29036.5,29036.9
1789448400,29036.3,29048.6,29003,29011.7
1789449300,29011.6,29027.1,28993.7,29024.4
1789450200,29023.9,29062.4,29012.5,29058
1789451100,29058.1,29085.8,29051.1,29060.9
1789452000,29061,29075.9,29046.8,29064.5
1789452900,29064.7,29076.3,29052.2,29054
1789453800,29054.3,29055.8,29028.9,29031.7
1789454700,29031.2,29043,29023.3,29035.8
1789455600,29035.3,29059.6,29006.7,29007.7
1789456500,29008,29064.2,29006.8,29037.8
1789457400,29038,29048,28994.9,28999.7
1789458300,28999.6,29018.5,28979.9,29001.1
1789459200,29001,29001,28913.4,28956.1
1789460100,28956.7,28990.5,28956,28970.6
1789461000,28971.2,28975.4,28948.9,28954.4
1789461900,28954,28967.5,28944.5,28955.3
1789462800,28955.6,28965.5,28930.8,28944.1
1789463700,28944.3,28954.2,28917.4,28951.7
1789464600,28951.5,28981.9,28938.9,28974.5
1789465500,28974.7,29027.4,28974.2,29020.7
1789466400,29020.2,29046.1,29011.6,29028.9
1789467300,29028.3,29044.1,29014.9,29044.1
1789468200,29043.9,29060,29035.1,29052.7
1789469100,29052.6,29082,29044.8,29080
1789470000,29079,29109.3,29076.5,29097.7
1789470900,29097.8,29111.8,29084.2,29087.6
1789471800,29087.5,29095.2,29071.3,29089.4
1789472700,29089.6,29103.2,29085.4,29099.1
1789473600,29098.8,29123.6,29085.2,29119.1
1789474500,29119,29124.3,29081.2,29106.9
1789475400,29106.3,29114.3,29085.1,29101.6
1789476300,29101.7,29168.6,29098.3,29119.1
1789477200,29118.5,29128.7,29107.9,29111
1789478100,29111.1,29120.3,29094.6,29103.3
1789479000,29104.1,29121.5,29053.3,29116.9
1789479900,29117.4,29134,29088.8,29110.7
1789480800,29109.6,29116.2,29032.3,29036.6
1789481700,29036.1,29057.3,28997.9,29019.8
1789482600,29019.3,29027.2,28970.9,28983
1789483500,28983.3,28995.3,28908.9,28933.5
1789484400,28935.2,28984.6,28933.2,28967.6
1789485300,28967.7,28989.9,28961,28983.5
1789486200,28983.6,28989.7,28955,28981.4
1789487100,28980.9,28997.9,28955.6,28970.4
1789488000,28971.4,28983.3,28934,28937
1789488900,28937.1,28993.4,28933.9,28977.9
1789489800,28977.6,28984.4,28958.1,28969.4
1789490700,28968.8,28993.4,28958.3,28972.7
1789491600,28972.5,28975,28936.4,28946.5
1789492500,28946.9,28957.9,28933.6,28945.4
1789493400,28946,28959.8,28936.8,28948.1
1789494300,28948.3,28963.9,28939.4,28956.4
1789495200,28955.6,28979.6,28948.1,28972
1789496100,28972.8,28974.2,28954.3,28971.3
1789497000,28970.6,28970.6,28941.1,28942.7
1789497900,28942.8,28946.1,28921.5,28944.9
1789498800,28944.7,28950.7,28930.9,28933.5
1789499700,28933.7,28937.2,28924.1,28931.6
1789500600,28931,28934,28906.7,28920.3
1789501500,28919.7,28942.9,28900.8,28939
1789502400,28938.6,28980.9,28937.8,28974.1
1789503300,28973.9,28976.4,28958.2,28959.8
1789504200,28959.3,28972.6,28956.6,28969
1789505100,28968.8,28975.2,28964.6,28966.1
1789506000,28967.4,28967.7,28963.9,28964.7
1789506900,28964.6,28964.7,28956.9,28957
1789507800,28955.9,28955.9,28947.9,28949.5
1789508700,28949.4,28950.2,28942.2,28947.7
1789509600,28961.2,28968.4,28951.6,28953.9
1789510500,28953.6,28965.6,28953.4,28958.7
1789511400,28959.1,28978.1,28957.5,28974.1
1789512300,28974.2,28981.1,28970.8,28972.5
1789513200,28972.4,28976.8,28968.4,28969.9
1789514100,28969.3,28970.8,28955.9,28958.6
1789515000,28958.5,28978.5,28956.4,28973.5
1789515900,28973.8,28977.9,28966,28971.1
1789516800,28970.9,28978.1,28947.7,28970.3
1789517700,28971.1,28974.9,28957.8,28968
1789518600,28967.9,28977.7,28955.7,28962.5
1789519500,28962.6,28975.5,28957.3,28961.5
1789520400,28961.4,28972.2,28931,28971.5
1789521300,28971.9,28981.3,28962.2,28967.6
1789522200,28967.3,28970.8,28936.9,28950.3
1789523100,28950.2,28956.9,28916.4,28920
1789524000,28919.7,28953.6,28917.7,28926.5
1789524900,28926.4,28968.3,28926.4,28964.8
1789525800,28964.7,28976.1,28944.7,28951.5
1789526700,28951.6,28973.6,28951.3,28973.1
1789527600,28973.3,29013.8,28971.5,29013.6
1789528500,29013.7,29047.4,29010,29010
1789529400,29009.9,29017,28991.3,29014.9
1789530300,29014.5,29030.7,29014.2,29020.4
1789531200,29020,29033.8,29018.8,29021.1
1789532100,29021.2,29033.8,29011.2,29012.3
1789533000,29012.4,29014.1,28990.2,28997.9
1789533900,28997.7,29012.6,28996.2,28996.2
1789534800,28996.1,29009.3,28975.9,29002.9
1789535700,29002.8,29018.7,29000.2,29014.2
1789536600,29014.6,29037.8,29006.1,29033.9
1789537500,29034.4,29039.5,29012.6,29023.8
1789538400,29025.8,29063.5,29019.2,29050.6
1789539300,29051.1,29056.4,29019.3,29035.3
1789540200,29033.8,29039.6,29020.3,29035.5
1789541100,29035.3,29058.1,29025.3,29054.5
1789542000,29054.4,29086.3,29049.6,29075
1789542900,29075.5,29083.1,29057.2,29076.5
1789543800,29076.1,29090.8,29057.6,29061
1789544700,29061.9,29069.3,29048.9,29060.5
1789545600,29060.2,29067.6,29020.8,29038
1789546500,29037.6,29064.8,29022.3,29037.5
1789547400,29037.8,29057.2,29015.6,29036.4
1789548300,29036.3,29065.2,29031,29065
1789549200,29065.1,29072.1,29045.8,29046.2
1789550100,29046.1,29063.8,29027.4,29049.2
1789551000,29049.1,29081.8,29042.1,29073.5
1789551900,29073.4,29083.8,29057.6,29069.2
1789552800,29069,29075.7,29047.9,29061.4
1789553700,29061.3,29066.8,29051.6,29063.5
1789554600,29063.6,29075.9,29059.8,29074.7
1789555500,29073.9,29085.2,29058.2,29085.2
1789556400,29088.2,29111.7,29064.3,29064.8
1789557300,29065.1,29078.9,29056,29069.1
1789558200,29069.2,29106.9,29069.1,29100
1789559100,29100.3,29107.1,29093.6,29105.5
1789560000,29105.4,29128.1,29102.3,29112.2
1789560900,29112.1,29126.5,29110.5,29122.4
1789561800,29122.6,29122.6,29061,29061.2
1789562700,29061.3,29097.9,29056.9,29092
1789563600,29091.9,29103,29055.4,29092.2
1789564500,29091.2,29105.1,29075.3,29077.4
1789565400,29076.8,29111,29063.7,29097.2
1789566300,29097.4,29173.5,29092.7,29170.8
1789567200,29170,29172.7,29111.5,29140.7
1789568100,29141.9,29168.8,29136.5,29144.1
1789569000,29145.6,29160.5,29119.8,29159.1
1789569900,29158.9,29192.4,29141.3,29189
1789570800,29189.4,29226.4,29175.7,29212.4
1789571700,29212.2,29215.2,29184.4,29197.5
1789572600,29198.3,29203.1,29175.2,29188.8
1789573500,29188.7,29239.3,29181.5,29191.9
1789574400,29190.6,29192.1,29162,29176.7
1789575300,29176.9,29187.7,29159,29176.5
1789576200,29176.4,29179.7,29157.2,29163.8
1789577100,29163.9,29184.3,29159.2,29160.9
1789578000,29160.6,29161.9,29132.7,29152.2
1789578900,29152.3,29158.1,29136.6,29150
1789579800,29150.2,29155.7,29113.2,29116.4
1789580700,29116.5,29168.8,29116.5,29165
1789581600,29166.3,29230,29106.3,29158.7
1789582500,29158,29175.4,29099.8,29147
1789583400,29146.2,29186.6,28993,29132.5
1789584300,29132.2,29164.1,28916.9,28925.1
1789585200,28924.6,28998.3,28803,28829.2
1789586100,28823.7,28859.2,28750.3,28827.3
1789587000,28831.3,28902.1,28822.9,28871
1789587900,28869.2,28957.7,28868.4,28943.7
1789588800,28942.7,28973.8,28937.8,28955.6
1789589700,28956.4,28962.8,28921.7,28936.5
1789590600,28936.2,28958.8,28927.8,28952.9
1789591500,28953.4,28965.2,28944.4,28955.7
1789592400,28955.9,28960.4,28950.6,28955.1
1789593300,28954.8,28960.1,28954.5,28957.9
1789594200,28957.8,28982,28956.4,28982
1789595100,28981.6,28982.7,28964.8,28969.6
1789596000,28966.5,28980.1,28945.9,28977.2
1789596900,28976.9,29024.9,28972.6,29017.2
1789597800,29017,29064.2,29017,29052
1789598700,29051.8,29055.1,29035.4,29043
1789599600,29042.5,29066.9,29042.5,29060.6
1789600500,29060.7,29111.5,29060.7,29089.2
1789601400,29090.8,29137.9,29089.5,29129.3
1789602300,29129.5,29151.3,29126.2,29144.4
1789603200,29144,29160.1,29107.6,29107.8
1789604100,29108,29142.3,29103.5,29127.8
1789605000,29128.3,29171.8,29125.3,29150.9
1789605900,29150.8,29158.7,29124.5,29142.7
1789606800,29143.1,29168.7,29126.5,29146.1
1789607700,29146.3,29149.8,29131.8,29138.4
1789608600,29138.9,29161.9,29122.5,29135.2
1789609500,29135,29138.9,29099.4,29112.1
1789610400,29112.3,29133.3,29099.6,29108.4
1789611300,29108.1,29120.9,29104.8,29111.5
1789612200,29111.6,29149,29110.2,29141
1789613100,29141.3,29144.3,29112.1,29114.9
1789614000,29115,29136.4,29111.9,29134.8
1789614900,29135,29142.7,29121.4,29142.3
1789615800,29141,29157.4,29134.8,29153
1789616700,29152.9,29158.2,29135.9,29153
1789617600,29155.4,29163.5,29146.1,29151.3
1789618500,29151,29153.2,29132.9,29145
1789619400,29144.4,29160.1,29132.8,29152.8
1789620300,29153.4,29164.6,29136.2,29142.6
1789621200,29142.7,29147.3,29126.1,29127.5
1789622100,29127.6,29135.4,29113.6,29121.6
1789623000,29121.9,29125.9,29084,29087.2
1789623900,29087.1,29098.5,29066,29068.9
1789624800,29068.8,29108.7,29063.4,29085.2
1789625700,29085.3,29137.7,29069.2,29137.7
1789626600,29137.4,29162.2,29134.5,29154.8
1789627500,29154.3,29166.9,29149,29162.4
1789628400,29162.1,29218.9,29154,29203.2
1789629300,29203.7,29244.6,29199.3,29241.5
1789630200,29241.4,29261.9,29230.5,29237.9
1789631100,29238.4,29240.3,29204,29212.1
1789632000,29212.7,29227.6,29184.8,29189.6
1789632900,29189.3,29214.5,29178.8,29210.3
1789633800,29211,29232.7,29197.9,29222.9
1789634700,29223.4,29254.3,29220,29248.9
1789635600,29248.5,29286.2,29248.5,29264
1789636500,29263.8,29268.6,29245.2,29250.4
1789637400,29250.3,29267.3,29246.5,29259.7
1789638300,29259.4,29273.3,29238.1,29252
1789639200,29252.5,29274.8,29250.6,29264.3
1789640100,29264.7,29283.8,29254.6,29271.7
1789641000,29273,29282.6,29254.2,29259.8
1789641900,29259.6,29282.3,29255.3,29277.9
1789642800,29278.2,29304.3,29267.7,29282.1
1789643700,29281.8,29287.5,29258.6,29271.6
1789644600,29271.5,29277.5,29252.3,29253.5
1789645500,29253,29318.1,29249.5,29317.1
1789646400,29316.2,29373.7,29289.9,29357.7
1789647300,29358.7,29418.5,29355,29417.3
1789648200,29417.2,29447.9,29404.9,29415.4
1789649100,29415.9,29425.3,29401.5,29416.2
1789650000,29416.4,29441.6,29408.4,29423.4
1789650900,29423.1,29437.8,29403.3,29413.8
1789651800,29413,29428.4,29304.3,29334.9
1789652700,29334.7,29387.8,29318.3,29381.9
1789653600,29382.4,29412.5,29334.4,29405.7
1789654500,29406,29435.8,29387.6,29407.5
1789655400,29407.2,29441.9,29403.1,29410.1
1789656300,29410.5,29412.5,29365.6,29377.2
1789657200,29378.6,29390.2,29350,29380.8
1789658100,29376.8,29412.9,29370.5,29404.1
1789659000,29404.6,29437,29398.1,29432.5
1789659900,29432.4,29440.3,29421.5,29437.5
1789660800,29437,29439.8,29411.5,29433.9
1789661700,29434,29448.8,29426.7,29442.2
1789662600,29442.4,29446.7,29412.9,29442.6
1789663500,29442.3,29445.1,29400.9,29436.9
1789664400,29436.8,29454.3,29434.8,29450.4
